insert into jhi_authority (name) VALUES ('ROLE_ADMIN');
insert into jhi_authority (name) VALUES ('ROLE_USER');
insert into jhi_authority (name) VALUES ('ROLE_ANONYMOUS');

insert into coin (id, name,created_by,created_date) values (1,'btc','admin','2017-12-20');
insert into coin (id, name,created_by,created_date) values (2,'eth','admin','2017-12-20');
insert into coin (id, name,created_by,created_date) values (3,'xrp','admin','2017-12-20');
insert into coin (id, name,created_by,created_date) values (4,'dash','admin','2017-12-20');
insert into coin (id, name,created_by,created_date) values (5,'ltc','admin','2017-12-20');
insert into coin (id, name,created_by,created_date) values (6,'etc','admin','2017-12-20');
insert into coin (id, name,created_by,created_date) values (7,'bch','admin','2017-12-20');
insert into coin (id, name,created_by,created_date) values (8,'zec','admin','2017-12-20');
insert into coin (id, name,created_by,created_date) values (9,'xmr','admin','2017-12-20');
insert into coin (id, name,created_by,created_date) values (10,'neo','admin','2017-12-20');
insert into coin (id, name,created_by,created_date) values (11,'qtum','admin','2017-12-20');
insert into coin (id, name,created_by,created_date) values (12,'iota','admin','2017-12-20');
insert into coin (id, name,created_by,created_date) values (13,'cardano','admin','2017-12-20');
insert into coin (id, name,created_by,created_date) values (14,'btg','admin','2017-12-20');
insert into coin (id, name,created_by,created_date) values (15,'eos','admin','2017-12-20');
insert into coin (id, name,created_by,created_date) values (16,'snt','admin','2017-12-20');
insert into coin (id, name,created_by,created_date) values (17,'ada','admin','2017-12-20');
insert into coin (id, name,created_by,created_date) values (18,'tix','admin','2017-12-20');
insert into coin (id, name,created_by,created_date) values (19,'steem','admin','2017-12-20');
insert into coin (id, name,created_by,created_date) values (20,'mtl','admin','2017-12-20');
insert into coin (id, name,created_by,created_date) values (21,'powr','admin','2017-12-20');
insert into coin (id, name,created_by,created_date) values (22,'xem','admin','2017-12-20');
insert into coin (id, name,created_by,created_date) values (23,'kmd','admin','2017-12-20');
insert into coin (id, name,created_by,created_date) values (24,'lsk','admin','2017-12-20');
insert into coin (id, name,created_by,created_date) values (25,'mer','admin','2017-12-20');
insert into coin (id, name,created_by,created_date) values (26,'emc2','admin','2017-12-20');
insert into coin (id, name,created_by,created_date) values (27,'grs','admin','2017-12-20');
insert into coin (id, name,created_by,created_date) values (28,'sbd','admin','2017-12-20');
insert into coin (id, name,created_by,created_date) values (29,'storj','admin','2017-12-20');
insert into coin (id, name,created_by,created_date) values (30,'waves','admin','2017-12-20');
insert into coin (id, name,created_by,created_date) values (31,'omg','admin','2017-12-20');
insert into coin (id, name,created_by,created_date) values (32,'strat','admin','2017-12-20');
insert into coin (id, name,created_by,created_date) values (33,'rep','admin','2017-12-20');
insert into coin (id, name,created_by,created_date) values (34,'pivx','admin','2017-12-20');
insert into coin (id, name,created_by,created_date) values (35,'vtc','admin','2017-12-20');
insert into coin (id, name,created_by,created_date) values (36,'ardr','admin','2017-12-20');

insert into market (id, name,url,api_type,created_by,created_date) values (1,'Bithumb','https://www.bithumb.com','REST_SERVER','admin','2017-12-20');
insert into market (id, name,url,api_type,created_by,created_date) values (2,'Korbit','https://www.korbit.co.kr','REST_CLIENT','admin','2017-12-20');
insert into market (id, name,url,api_type,created_by,created_date) values (3,'Coinone','https://coinone.co.kr','REST_SERVER','admin','2017-12-20');
insert into market (id, name,url,api_type,created_by,created_date) values (4,'Poloniex','https://poloniex.com','REST_CLIENT','admin','2017-12-20');
insert into market (id, name,url,api_type,created_by,created_date) values (5,'Bittrex','https://bittrex.com/"','REST_SERVER','admin','2017-12-20');
insert into market (id, name,url,api_type,created_by,created_date) values (6,'Bitfinex','https://bitfinex.com/','SOCKET','admin','2017-12-20');
insert into market (id, name,url,api_type,created_by,created_date) values (7,'BitstampUS','https://www.bitstamp.net','SOCKET','admin','2017-12-20');
insert into market (id, name,url,api_type,created_by,created_date) values (8,'GDAX','https://www.gdax.com','SOCKET','admin','2017-12-20');
insert into market (id, name,url,api_type,created_by,created_date) values (9,'BitFlyer','https://bitflyer.jp','REST_SERVER','admin','2017-12-20');
insert into market (id, name,url,api_type,created_by,created_date) values (10,'Kraken','https://www.kraken.com','REST_SERVER','admin','2017-12-20');
insert into market (id, name,url,api_type,created_by,created_date) values (11,'BitstampEU','https://www.bitstamp.net','SOCKET','admin','2017-12-20');
insert into market (id, name,url,api_type,created_by,created_date) values (12,'UPbit','https://upbit.net','REST_SERVER','admin','2017-12-20');


-- bitthumb
insert into MARKET_COIN (id, currency, coin_id,market_id,created_by,created_date) values (1,'KRW',1,1,'admin','2017-12-20');
insert into MARKET_COIN (id, currency, coin_id,market_id,created_by,created_date) values (2,'KRW',2,1,'admin','2017-12-20');
insert into MARKET_COIN (id, currency, coin_id,market_id,created_by,created_date) values (3,'KRW',3,1,'admin','2017-12-20');
insert into MARKET_COIN (id, currency, coin_id,market_id,created_by,created_date) values (4,'KRW',4,1,'admin','2017-12-20');
insert into MARKET_COIN (id, currency, coin_id,market_id,created_by,created_date) values (5,'KRW',5,1,'admin','2017-12-20');
insert into MARKET_COIN (id, currency, coin_id,market_id,created_by,created_date) values (6,'KRW',6,1,'admin','2017-12-20');
insert into MARKET_COIN (id, currency, coin_id,market_id,created_by,created_date) values (7,'KRW',7,1,'admin','2017-12-20');
insert into MARKET_COIN (id, currency, coin_id,market_id,created_by,created_date) values (8,'KRW',8,1,'admin','2017-12-20');
insert into MARKET_COIN (id, currency, coin_id,market_id,created_by,created_date) values (9,'KRW',9,1,'admin','2017-12-20');
insert into MARKET_COIN (id, currency, coin_id,market_id,created_by,created_date) values (10,'KRW',11,1,'admin','2017-12-20');
insert into MARKET_COIN (id, currency, coin_id,market_id,created_by,created_date) values (11,'KRW',14,1,'admin','2017-12-20');
insert into MARKET_COIN (id, currency, coin_id,market_id,created_by,created_date) values (12,'KRW',15,1,'admin','2017-12-20');

-- korbit
insert into MARKET_COIN (id, currency, coin_id,market_id,created_by,created_date) values (101,'KRW',1,2,'admin','2017-12-20');
insert into MARKET_COIN (id, currency, coin_id,market_id,created_by,created_date) values (102,'KRW',2,2,'admin','2017-12-20');
insert into MARKET_COIN (id, currency, coin_id,market_id,created_by,created_date) values (103,'KRW',3,2,'admin','2017-12-20');
insert into MARKET_COIN (id, currency, coin_id,market_id,created_by,created_date) values (104,'KRW',6,2,'admin','2017-12-20');
insert into MARKET_COIN (id, currency, coin_id,market_id,created_by,created_date) values (105,'KRW',7,2,'admin','2017-12-20');
insert into MARKET_COIN (id, currency, coin_id,market_id,created_by,created_date) values (106,'KRW',14,2,'admin','2017-12-20');

-- coinone
insert into MARKET_COIN (id, currency, coin_id,market_id,created_by,created_date) values (201,'KRW',1,3,'admin','2017-12-20');
insert into MARKET_COIN (id, currency, coin_id,market_id,created_by,created_date) values (202,'KRW',2,3,'admin','2017-12-20');
insert into MARKET_COIN (id, currency, coin_id,market_id,created_by,created_date) values (203,'KRW',3,3,'admin','2017-12-20');
insert into MARKET_COIN (id, currency, coin_id,market_id,created_by,created_date) values (204,'KRW',5,3,'admin','2017-12-20');
insert into MARKET_COIN (id, currency, coin_id,market_id,created_by,created_date) values (205,'KRW',6,3,'admin','2017-12-20');
insert into MARKET_COIN (id, currency, coin_id,market_id,created_by,created_date) values (206,'KRW',7,3,'admin','2017-12-20');
insert into MARKET_COIN (id, currency, coin_id,market_id,created_by,created_date) values (207,'KRW',11,3,'admin','2017-12-20');
insert into MARKET_COIN (id, currency, coin_id,market_id,created_by,created_date) values (208,'KRW',12,3,'admin','2017-12-20');
insert into MARKET_COIN (id, currency, coin_id,market_id,created_by,created_date) values (209,'KRW',14,3,'admin','2017-12-20');

-- polonix

insert into MARKET_COIN (id, currency, coin_id,market_id,created_by,created_date) values (301,'USD',1,4,'admin','2017-12-20');
insert into MARKET_COIN (id, currency, coin_id,market_id,created_by,created_date) values (302,'USD',2,4,'admin','2017-12-20');
insert into MARKET_COIN (id, currency, coin_id,market_id,created_by,created_date) values (303,'USD',3,4,'admin','2017-12-20');
insert into MARKET_COIN (id, currency, coin_id,market_id,created_by,created_date) values (304,'USD',4,4,'admin','2017-12-20');
insert into MARKET_COIN (id, currency, coin_id,market_id,created_by,created_date) values (305,'USD',5,4,'admin','2017-12-20');
insert into MARKET_COIN (id, currency, coin_id,market_id,created_by,created_date) values (306,'USD',6,4,'admin','2017-12-20');
insert into MARKET_COIN (id, currency, coin_id,market_id,created_by,created_date) values (307,'USD',7,4,'admin','2017-12-20');
insert into MARKET_COIN (id, currency, coin_id,market_id,created_by,created_date) values (308,'USD',8,4,'admin','2017-12-20');
insert into MARKET_COIN (id, currency, coin_id,market_id,created_by,created_date) values (309,'USD',9,4,'admin','2017-12-20');
insert into MARKET_COIN (id, currency, coin_id,market_id,created_by,created_date) values (310,'USD',33,4,'admin','2017-12-20');

--Bittrex

insert into MARKET_COIN (id, currency, coin_id,market_id,created_by,created_date) values (401,'USD',1,5,'admin','2017-12-20');
insert into MARKET_COIN (id, currency, coin_id,market_id,created_by,created_date) values (402,'USD',2,5,'admin','2017-12-20');
insert into MARKET_COIN (id, currency, coin_id,market_id,created_by,created_date) values (403,'USD',3,5,'admin','2017-12-20');
insert into MARKET_COIN (id, currency, coin_id,market_id,created_by,created_date) values (404,'USD',4,5,'admin','2017-12-20');
insert into MARKET_COIN (id, currency, coin_id,market_id,created_by,created_date) values (405,'USD',5,5,'admin','2017-12-20');
insert into MARKET_COIN (id, currency, coin_id,market_id,created_by,created_date) values (406,'USD',6,5,'admin','2017-12-20');
insert into MARKET_COIN (id, currency, coin_id,market_id,created_by,created_date) values (407,'USD',7,5,'admin','2017-12-20');
insert into MARKET_COIN (id, currency, coin_id,market_id,created_by,created_date) values (408,'USD',8,5,'admin','2017-12-20');
insert into MARKET_COIN (id, currency, coin_id,market_id,created_by,created_date) values (409,'USD',9,5,'admin','2017-12-20');
insert into MARKET_COIN (id, currency, coin_id,market_id,created_by,created_date) values (410,'USD',10,5,'admin','2017-12-20');

-- bitfinex
insert into MARKET_COIN (id, currency, coin_id,market_id,created_by,created_date) values (501,'USD',1,6,'admin','2017-12-20');
insert into MARKET_COIN (id, currency, coin_id,market_id,created_by,created_date) values (502,'USD',2,6,'admin','2017-12-20');
insert into MARKET_COIN (id, currency, coin_id,market_id,created_by,created_date) values (503,'USD',3,6,'admin','2017-12-20');
insert into MARKET_COIN (id, currency, coin_id,market_id,created_by,created_date) values (504,'USD',4,6,'admin','2017-12-20');
insert into MARKET_COIN (id, currency, coin_id,market_id,created_by,created_date) values (505,'USD',5,6,'admin','2017-12-20');
insert into MARKET_COIN (id, currency, coin_id,market_id,created_by,created_date) values (506,'USD',6,6,'admin','2017-12-20');
insert into MARKET_COIN (id, currency, coin_id,market_id,created_by,created_date) values (507,'USD',7,6,'admin','2017-12-20');
insert into MARKET_COIN (id, currency, coin_id,market_id,created_by,created_date) values (508,'USD',8,6,'admin','2017-12-20');
insert into MARKET_COIN (id, currency, coin_id,market_id,created_by,created_date) values (509,'USD',9,6,'admin','2017-12-20');
insert into MARKET_COIN (id, currency, coin_id,market_id,created_by,created_date) values (510,'USD',10,6,'admin','2017-12-20');
insert into MARKET_COIN (id, currency, coin_id,market_id,created_by,created_date) values (511,'USD',11,6,'admin','2017-12-20');
insert into MARKET_COIN (id, currency, coin_id,market_id,created_by,created_date) values (512,'USD',14,6,'admin','2017-12-20');
insert into MARKET_COIN (id, currency, coin_id,market_id,created_by,created_date) values (513,'USD',15,6,'admin','2017-12-20');


--bitsstamp
insert into MARKET_COIN (id, currency, coin_id,market_id,created_by,created_date) values (601,'USD',1,7,'admin','2017-12-20');
insert into MARKET_COIN (id, currency, coin_id,market_id,created_by,created_date) values (602,'USD',2,7,'admin','2017-12-20');
insert into MARKET_COIN (id, currency, coin_id,market_id,created_by,created_date) values (603,'USD',3,7,'admin','2017-12-20');
insert into MARKET_COIN (id, currency, coin_id,market_id,created_by,created_date) values (604,'USD',5,7,'admin','2017-12-20');

-- GDAX
insert into MARKET_COIN (id, currency, coin_id,market_id,created_by,created_date) values (701,'USD',1,8,'admin','2017-12-20');
insert into MARKET_COIN (id, currency, coin_id,market_id,created_by,created_date) values (702,'USD',2,8,'admin','2017-12-20');
insert into MARKET_COIN (id, currency, coin_id,market_id,created_by,created_date) values (703,'USD',5,8,'admin','2017-12-20');

--bitflyer
insert into MARKET_COIN (id, currency, coin_id,market_id,created_by,created_date) values (801,'JPY',1,9,'admin','2017-12-20');

--kraken
insert into MARKET_COIN (id, currency, coin_id,market_id,created_by,created_date) values (901,'EUR',1,10,'admin','2017-12-20');
insert into MARKET_COIN (id, currency, coin_id,market_id,created_by,created_date) values (902,'EUR',2,10,'admin','2017-12-20');
insert into MARKET_COIN (id, currency, coin_id,market_id,created_by,created_date) values (903,'EUR',3,10,'admin','2017-12-20');
insert into MARKET_COIN (id, currency, coin_id,market_id,created_by,created_date) values (904,'EUR',4,10,'admin','2017-12-20');
insert into MARKET_COIN (id, currency, coin_id,market_id,created_by,created_date) values (905,'EUR',5,10,'admin','2017-12-20');
insert into MARKET_COIN (id, currency, coin_id,market_id,created_by,created_date) values (906,'EUR',6,10,'admin','2017-12-20');
insert into MARKET_COIN (id, currency, coin_id,market_id,created_by,created_date) values (907,'EUR',7,10,'admin','2017-12-20');
insert into MARKET_COIN (id, currency, coin_id,market_id,created_by,created_date) values (908,'EUR',8,10,'admin','2017-12-20');
insert into MARKET_COIN (id, currency, coin_id,market_id,created_by,created_date) values (909,'EUR',9,10,'admin','2017-12-20');

--Bitstamp EU
insert into MARKET_COIN (id, currency, coin_id,market_id,created_by,created_date) values (1001,'EUR',1,11,'admin','2017-12-20');
insert into MARKET_COIN (id, currency, coin_id,market_id,created_by,created_date) values (1002,'EUR',2,11,'admin','2017-12-20');
insert into MARKET_COIN (id, currency, coin_id,market_id,created_by,created_date) values (1003,'EUR',3,11,'admin','2017-12-20');
insert into MARKET_COIN (id, currency, coin_id,market_id,created_by,created_date) values (1004,'EUR',5,11,'admin','2017-12-20');

--UPBIT
insert into MARKET_COIN (id, currency, coin_id,market_id,created_by,created_date) values (1101,'KRW',1,12,'admin','2017-12-20');
insert into MARKET_COIN (id, currency, coin_id,market_id,created_by,created_date) values (1102,'KRW',2,12,'admin','2017-12-20');
insert into MARKET_COIN (id, currency, coin_id,market_id,created_by,created_date) values (1103,'KRW',3,12,'admin','2017-12-20');
insert into MARKET_COIN (id, currency, coin_id,market_id,created_by,created_date) values (1104,'KRW',4,12,'admin','2017-12-20');
insert into MARKET_COIN (id, currency, coin_id,market_id,created_by,created_date) values (1105,'KRW',5,12,'admin','2017-12-20');
insert into MARKET_COIN (id, currency, coin_id,market_id,created_by,created_date) values (1106,'KRW',6,12,'admin','2017-12-20');
insert into MARKET_COIN (id, currency, coin_id,market_id,created_by,created_date) values (1107,'KRW',7,12,'admin','2017-12-20');
insert into MARKET_COIN (id, currency, coin_id,market_id,created_by,created_date) values (1108,'KRW',8,12,'admin','2017-12-20');
insert into MARKET_COIN (id, currency, coin_id,market_id,created_by,created_date) values (1109,'KRW',9,12,'admin','2017-12-20');
insert into MARKET_COIN (id, currency, coin_id,market_id,created_by,created_date) values (1110,'KRW',10,12,'admin','2017-12-20');
insert into MARKET_COIN (id, currency, coin_id,market_id,created_by,created_date) values (1111,'KRW',11,12,'admin','2017-12-20');
insert into MARKET_COIN (id, currency, coin_id,market_id,created_by,created_date) values (1112,'KRW',14,12,'admin','2017-12-20');
insert into MARKET_COIN (id, currency, coin_id,market_id,created_by,created_date) values (1113,'KRW',16,12,'admin','2017-12-20');
insert into MARKET_COIN (id, currency, coin_id,market_id,created_by,created_date) values (1114,'KRW',17,12,'admin','2017-12-20');
insert into MARKET_COIN (id, currency, coin_id,market_id,created_by,created_date) values (1115,'KRW',18,12,'admin','2017-12-20');
insert into MARKET_COIN (id, currency, coin_id,market_id,created_by,created_date) values (1116,'KRW',19,12,'admin','2017-12-20');
insert into MARKET_COIN (id, currency, coin_id,market_id,created_by,created_date) values (1117,'KRW',20,12,'admin','2017-12-20');
insert into MARKET_COIN (id, currency, coin_id,market_id,created_by,created_date) values (1118,'KRW',21,12,'admin','2017-12-20');
insert into MARKET_COIN (id, currency, coin_id,market_id,created_by,created_date) values (1119,'KRW',22,12,'admin','2017-12-20');
insert into MARKET_COIN (id, currency, coin_id,market_id,created_by,created_date) values (1120,'KRW',23,12,'admin','2017-12-20');
insert into MARKET_COIN (id, currency, coin_id,market_id,created_by,created_date) values (1121,'KRW',24,12,'admin','2017-12-20');
insert into MARKET_COIN (id, currency, coin_id,market_id,created_by,created_date) values (1122,'KRW',25,12,'admin','2017-12-20');
insert into MARKET_COIN (id, currency, coin_id,market_id,created_by,created_date) values (1123,'KRW',26,12,'admin','2017-12-20');
insert into MARKET_COIN (id, currency, coin_id,market_id,created_by,created_date) values (1124,'KRW',27,12,'admin','2017-12-20');
insert into MARKET_COIN (id, currency, coin_id,market_id,created_by,created_date) values (1125,'KRW',28,12,'admin','2017-12-20');
insert into MARKET_COIN (id, currency, coin_id,market_id,created_by,created_date) values (1126,'KRW',29,12,'admin','2017-12-20');
insert into MARKET_COIN (id, currency, coin_id,market_id,created_by,created_date) values (1127,'KRW',30,12,'admin','2017-12-20');
insert into MARKET_COIN (id, currency, coin_id,market_id,created_by,created_date) values (1128,'KRW',31,12,'admin','2017-12-20');
insert into MARKET_COIN (id, currency, coin_id,market_id,created_by,created_date) values (1129,'KRW',32,12,'admin','2017-12-20');
insert into MARKET_COIN (id, currency, coin_id,market_id,created_by,created_date) values (1130,'KRW',33,12,'admin','2017-12-20');
insert into MARKET_COIN (id, currency, coin_id,market_id,created_by,created_date) values (1131,'KRW',34,12,'admin','2017-12-20');
insert into MARKET_COIN (id, currency, coin_id,market_id,created_by,created_date) values (1132,'KRW',35,12,'admin','2017-12-20');
insert into MARKET_COIN (id, currency, coin_id,market_id,created_by,created_date) values (1133,'KRW',36,12,'admin','2017-12-20');

INSERT INTO public.ecb_exchange_rate (id, created_by, created_date, last_modified_by, last_modified_date, aud, bgn, brl, cad, chf, cny, czk, dkk, eur, gbp, hkd, hrk, huf, idr, ils, inr, jpy, krw, mxn, myr, nok, nzd, php, pln, ron, rub, sek, sgd, thb, try, usd, base) VALUES (11898302, 'system', '2017-11-15 22:55:09.631000', 'system', '2017-11-15 22:55:09.631000', 1.3079, 1.6652, 3.277, 1.2714, 0.99132, 6.6369, 21.768, 6.3358, 0.85143, 0.76275, 7.8029, 6.43, 265.62, 13554, 3.5428, 65.402, 113.49, 1114.9, 19.095, 4.194, 8.1671, 1.4553, 51.145, 3.6084, 3.9585, 59.739, 8.421, 1.3604, 33.06, 3.872, 0, 'USD');
INSERT INTO public.ecb_exchange_rate (id, created_by, created_date, last_modified_by, last_modified_date, aud, bgn, brl, cad, chf, cny, czk, dkk, eur, gbp, hkd, hrk, huf, idr, ils, inr, jpy, krw, mxn, myr, nok, nzd, php, pln, ron, rub, sek, sgd, thb, try, usd, base) VALUES (11898303, 'system', '2017-11-15 22:55:09.934000', 'system', '2017-11-15 22:55:09.934000', 1.5361, 1.9558, 3.8488, 1.4933, 1.1643, 7.795, 25.566, 7.4414, 0, 0.89585, 9.1645, 7.552, 311.97, 15919, 4.161, 76.815, 133.29, 1309.5, 22.427, 4.9259, 9.5923, 1.7092, 60.07, 4.2381, 4.6493, 70.163, 9.8905, 1.5978, 38.829, 4.5477, 1.1745, 'EUR');
INSERT INTO public.ecb_exchange_rate (id, created_by, created_date, last_modified_by, last_modified_date, aud, bgn, brl, cad, chf, cny, czk, dkk, eur, gbp, hkd, hrk, huf, idr, ils, inr, jpy, krw, mxn, myr, nok, nzd, php, pln, ron, rub, sek, sgd, thb, try, usd, base) VALUES (11898304, 'system', '2017-11-15 22:55:10.549000', 'system', '2017-11-15 22:55:10.549000', 0.19706, 0.2509, 0.49375, 0.19157, 0.14936, 0, 3.2798, 0.95464, 0.12829, 0.11493, 1.1757, 0.96883, 40.022, 2042.2, 0.5338, 9.8544, 17.099, 167.99, 2.8771, 0.63193, 1.2306, 0.21927, 7.7062, 0.54369, 0.59645, 9.001, 1.2688, 0.20498, 4.9813, 0.58341, 0.15067, 'CNY');
INSERT INTO public.ecb_exchange_rate (id, created_by, created_date, last_modified_by, last_modified_date, aud, bgn, brl, cad, chf, cny, czk, dkk, eur, gbp, hkd, hrk, huf, idr, ils, inr, jpy, krw, mxn, myr, nok, nzd, php, pln, ron, rub, sek, sgd, thb, try, usd, base) VALUES (11898305, 'system', '2017-11-15 22:55:10.882000', 'system', '2017-11-15 22:55:10.882000', 0.011524, 0.014673, 0.028875, 0.011203, 0.0087351, 0.058482, 0.19181, 0.055829, 0.0075024, 0.0067211, 0.068756, 0.056658, 2.3405, 119.43, 0.031218, 0.5763, 0, 9.8244, 0.16826, 0.036956, 0.071966, 0.012823, 0.45067, 0.031796, 0.034881, 0.52639, 0.074203, 0.011987, 0.29131, 0.034119, 0.0088116, 'JPY');
INSERT INTO public.ecb_exchange_rate (id, created_by, created_date, last_modified_by, last_modified_date, aud, bgn, brl, cad, chf, cny, czk, dkk, eur, gbp, hkd, hrk, huf, idr, ils, inr, jpy, krw, mxn, myr, nok, nzd, php, pln, ron, rub, sek, sgd, thb, try, usd, base) VALUES (11898306, 'system', '2017-11-15 22:55:11.224000', 'system', '2017-11-15 22:55:11.224000', 0.001173, 0.0014935, 0.0029391, 0.0011404, 0.00088912, 0.0059527, 0.019523, 0.0056826, 0.00076365, 0.00068412, 0.0069985, 0.0057671, 0.23824, 12.157, 0.0031775, 0.05866, 0.10179, 0, 0.017126, 0.0037617, 0.0073252, 0.0013052, 0.045872, 0.0032364, 0.0035504, 0.05358, 0.0075529, 0.0012202, 0.029652, 0.0034729, 0.00089691, 'KRW');
INSERT INTO public.ecb_exchange_rate (id, created_by, created_date, last_modified_by, last_modified_date, aud, bgn, brl, cad, chf, cny, czk, dkk, eur, gbp, hkd, hrk, huf, idr, ils, inr, jpy, krw, mxn, myr, nok, nzd, php, pln, ron, rub, sek, sgd, thb, try, usd, base) VALUES (11898307, 'system', '2017-11-15 22:55:23.573000', 'system', '2017-11-15 22:55:23.573000', 1.3079, 1.6652, 3.277, 1.2714, 0.99132, 6.6369, 21.768, 6.3358, 0.85143, 0.76275, 7.8029, 6.43, 265.62, 13554, 3.5428, 65.402, 113.49, 1114.9, 19.095, 4.194, 8.1671, 1.4553, 51.145, 3.6084, 3.9585, 59.739, 8.421, 1.3604, 33.06, 3.872, 0, 'USD');
INSERT INTO public.ecb_exchange_rate (id, created_by, created_date, last_modified_by, last_modified_date, aud, bgn, brl, cad, chf, cny, czk, dkk, eur, gbp, hkd, hrk, huf, idr, ils, inr, jpy, krw, mxn, myr, nok, nzd, php, pln, ron, rub, sek, sgd, thb, try, usd, base) VALUES (11898308, 'system', '2017-11-15 22:55:23.990000', 'system', '2017-11-15 22:55:23.990000', 1.5361, 1.9558, 3.8488, 1.4933, 1.1643, 7.795, 25.566, 7.4414, 0, 0.89585, 9.1645, 7.552, 311.97, 15919, 4.161, 76.815, 133.29, 1309.5, 22.427, 4.9259, 9.5923, 1.7092, 60.07, 4.2381, 4.6493, 70.163, 9.8905, 1.5978, 38.829, 4.5477, 1.1745, 'EUR');
INSERT INTO public.ecb_exchange_rate (id, created_by, created_date, last_modified_by, last_modified_date, aud, bgn, brl, cad, chf, cny, czk, dkk, eur, gbp, hkd, hrk, huf, idr, ils, inr, jpy, krw, mxn, myr, nok, nzd, php, pln, ron, rub, sek, sgd, thb, try, usd, base) VALUES (11898309, 'system', '2017-11-15 22:55:24.323000', 'system', '2017-11-15 22:55:24.323000', 0.19706, 0.2509, 0.49375, 0.19157, 0.14936, 0, 3.2798, 0.95464, 0.12829, 0.11493, 1.1757, 0.96883, 40.022, 2042.2, 0.5338, 9.8544, 17.099, 167.99, 2.8771, 0.63193, 1.2306, 0.21927, 7.7062, 0.54369, 0.59645, 9.001, 1.2688, 0.20498, 4.9813, 0.58341, 0.15067, 'CNY');
INSERT INTO public.ecb_exchange_rate (id, created_by, created_date, last_modified_by, last_modified_date, aud, bgn, brl, cad, chf, cny, czk, dkk, eur, gbp, hkd, hrk, huf, idr, ils, inr, jpy, krw, mxn, myr, nok, nzd, php, pln, ron, rub, sek, sgd, thb, try, usd, base) VALUES (11898310, 'system', '2017-11-15 22:55:24.625000', 'system', '2017-11-15 22:55:24.625000', 0.011524, 0.014673, 0.028875, 0.011203, 0.0087351, 0.058482, 0.19181, 0.055829, 0.0075024, 0.0067211, 0.068756, 0.056658, 2.3405, 119.43, 0.031218, 0.5763, 0, 9.8244, 0.16826, 0.036956, 0.071966, 0.012823, 0.45067, 0.031796, 0.034881, 0.52639, 0.074203, 0.011987, 0.29131, 0.034119, 0.0088116, 'JPY');
INSERT INTO public.ecb_exchange_rate (id, created_by, created_date, last_modified_by, last_modified_date, aud, bgn, brl, cad, chf, cny, czk, dkk, eur, gbp, hkd, hrk, huf, idr, ils, inr, jpy, krw, mxn, myr, nok, nzd, php, pln, ron, rub, sek, sgd, thb, try, usd, base) VALUES (11898311, 'system', '2017-11-15 22:55:24.918000', 'system', '2017-11-15 22:55:24.918000', 0.001173, 0.0014935, 0.0029391, 0.0011404, 0.00088912, 0.0059527, 0.019523, 0.0056826, 0.00076365, 0.00068412, 0.0069985, 0.0057671, 0.23824, 12.157, 0.0031775, 0.05866, 0.10179, 0, 0.017126, 0.0037617, 0.0073252, 0.0013052, 0.045872, 0.0032364, 0.0035504, 0.05358, 0.0075529, 0.0012202, 0.029652, 0.0034729, 0.00089691, 'KRW');
INSERT INTO public.ecb_exchange_rate (id, created_by, created_date, last_modified_by, last_modified_date, aud, bgn, brl, cad, chf, cny, czk, dkk, eur, gbp, hkd, hrk, huf, idr, ils, inr, jpy, krw, mxn, myr, nok, nzd, php, pln, ron, rub, sek, sgd, thb, try, usd, base) VALUES (11898312, 'system', '2017-11-15 22:55:33.821000', 'system', '2017-11-15 22:55:33.821000', 1.3079, 1.6652, 3.277, 1.2714, 0.99132, 6.6369, 21.768, 6.3358, 0.85143, 0.76275, 7.8029, 6.43, 265.62, 13554, 3.5428, 65.402, 113.49, 1114.9, 19.095, 4.194, 8.1671, 1.4553, 51.145, 3.6084, 3.9585, 59.739, 8.421, 1.3604, 33.06, 3.872, 0, 'USD');
INSERT INTO public.ecb_exchange_rate (id, created_by, created_date, last_modified_by, last_modified_date, aud, bgn, brl, cad, chf, cny, czk, dkk, eur, gbp, hkd, hrk, huf, idr, ils, inr, jpy, krw, mxn, myr, nok, nzd, php, pln, ron, rub, sek, sgd, thb, try, usd, base) VALUES (11898313, 'system', '2017-11-15 22:55:34.201000', 'system', '2017-11-15 22:55:34.201000', 1.5361, 1.9558, 3.8488, 1.4933, 1.1643, 7.795, 25.566, 7.4414, 0, 0.89585, 9.1645, 7.552, 311.97, 15919, 4.161, 76.815, 133.29, 1309.5, 22.427, 4.9259, 9.5923, 1.7092, 60.07, 4.2381, 4.6493, 70.163, 9.8905, 1.5978, 38.829, 4.5477, 1.1745, 'EUR');
INSERT INTO public.ecb_exchange_rate (id, created_by, created_date, last_modified_by, last_modified_date, aud, bgn, brl, cad, chf, cny, czk, dkk, eur, gbp, hkd, hrk, huf, idr, ils, inr, jpy, krw, mxn, myr, nok, nzd, php, pln, ron, rub, sek, sgd, thb, try, usd, base) VALUES (11898314, 'system', '2017-11-15 22:55:34.815000', 'system', '2017-11-15 22:55:34.815000', 0.19706, 0.2509, 0.49375, 0.19157, 0.14936, 0, 3.2798, 0.95464, 0.12829, 0.11493, 1.1757, 0.96883, 40.022, 2042.2, 0.5338, 9.8544, 17.099, 167.99, 2.8771, 0.63193, 1.2306, 0.21927, 7.7062, 0.54369, 0.59645, 9.001, 1.2688, 0.20498, 4.9813, 0.58341, 0.15067, 'CNY');
INSERT INTO public.ecb_exchange_rate (id, created_by, created_date, last_modified_by, last_modified_date, aud, bgn, brl, cad, chf, cny, czk, dkk, eur, gbp, hkd, hrk, huf, idr, ils, inr, jpy, krw, mxn, myr, nok, nzd, php, pln, ron, rub, sek, sgd, thb, try, usd, base) VALUES (11898315, 'system', '2017-11-15 22:55:35.429000', 'system', '2017-11-15 22:55:35.429000', 0.011524, 0.014673, 0.028875, 0.011203, 0.0087351, 0.058482, 0.19181, 0.055829, 0.0075024, 0.0067211, 0.068756, 0.056658, 2.3405, 119.43, 0.031218, 0.5763, 0, 9.8244, 0.16826, 0.036956, 0.071966, 0.012823, 0.45067, 0.031796, 0.034881, 0.52639, 0.074203, 0.011987, 0.29131, 0.034119, 0.0088116, 'JPY');
INSERT INTO public.ecb_exchange_rate (id, created_by, created_date, last_modified_by, last_modified_date, aud, bgn, brl, cad, chf, cny, czk, dkk, eur, gbp, hkd, hrk, huf, idr, ils, inr, jpy, krw, mxn, myr, nok, nzd, php, pln, ron, rub, sek, sgd, thb, try, usd, base) VALUES (11898316, 'system', '2017-11-15 22:55:36.045000', 'system', '2017-11-15 22:55:36.045000', 0.001173, 0.0014935, 0.0029391, 0.0011404, 0.00088912, 0.0059527, 0.019523, 0.0056826, 0.00076365, 0.00068412, 0.0069985, 0.0057671, 0.23824, 12.157, 0.0031775, 0.05866, 0.10179, 0, 0.017126, 0.0037617, 0.0073252, 0.0013052, 0.045872, 0.0032364, 0.0035504, 0.05358, 0.0075529, 0.0012202, 0.029652, 0.0034729, 0.00089691, 'KRW');
INSERT INTO public.ecb_exchange_rate (id, created_by, created_date, last_modified_by, last_modified_date, aud, bgn, brl, cad, chf, cny, czk, dkk, eur, gbp, hkd, hrk, huf, idr, ils, inr, jpy, krw, mxn, myr, nok, nzd, php, pln, ron, rub, sek, sgd, thb, try, usd, base) VALUES (11898317, 'system', '2017-11-15 22:55:48.863000', 'system', '2017-11-15 22:55:48.863000', 1.3079, 1.6652, 3.277, 1.2714, 0.99132, 6.6369, 21.768, 6.3358, 0.85143, 0.76275, 7.8029, 6.43, 265.62, 13554, 3.5428, 65.402, 113.49, 1114.9, 19.095, 4.194, 8.1671, 1.4553, 51.145, 3.6084, 3.9585, 59.739, 8.421, 1.3604, 33.06, 3.872, 0, 'USD');
INSERT INTO public.ecb_exchange_rate (id, created_by, created_date, last_modified_by, last_modified_date, aud, bgn, brl, cad, chf, cny, czk, dkk, eur, gbp, hkd, hrk, huf, idr, ils, inr, jpy, krw, mxn, myr, nok, nzd, php, pln, ron, rub, sek, sgd, thb, try, usd, base) VALUES (11898318, 'system', '2017-11-15 22:55:49.253000', 'system', '2017-11-15 22:55:49.253000', 1.5361, 1.9558, 3.8488, 1.4933, 1.1643, 7.795, 25.566, 7.4414, 0, 0.89585, 9.1645, 7.552, 311.97, 15919, 4.161, 76.815, 133.29, 1309.5, 22.427, 4.9259, 9.5923, 1.7092, 60.07, 4.2381, 4.6493, 70.163, 9.8905, 1.5978, 38.829, 4.5477, 1.1745, 'EUR');
INSERT INTO public.ecb_exchange_rate (id, created_by, created_date, last_modified_by, last_modified_date, aud, bgn, brl, cad, chf, cny, czk, dkk, eur, gbp, hkd, hrk, huf, idr, ils, inr, jpy, krw, mxn, myr, nok, nzd, php, pln, ron, rub, sek, sgd, thb, try, usd, base) VALUES (11898319, 'system', '2017-11-15 22:55:49.561000', 'system', '2017-11-15 22:55:49.561000', 0.19706, 0.2509, 0.49375, 0.19157, 0.14936, 0, 3.2798, 0.95464, 0.12829, 0.11493, 1.1757, 0.96883, 40.022, 2042.2, 0.5338, 9.8544, 17.099, 167.99, 2.8771, 0.63193, 1.2306, 0.21927, 7.7062, 0.54369, 0.59645, 9.001, 1.2688, 0.20498, 4.9813, 0.58341, 0.15067, 'CNY');
INSERT INTO public.ecb_exchange_rate (id, created_by, created_date, last_modified_by, last_modified_date, aud, bgn, brl, cad, chf, cny, czk, dkk, eur, gbp, hkd, hrk, huf, idr, ils, inr, jpy, krw, mxn, myr, nok, nzd, php, pln, ron, rub, sek, sgd, thb, try, usd, base) VALUES (11898320, 'system', '2017-11-15 22:55:49.868000', 'system', '2017-11-15 22:55:49.868000', 0.011524, 0.014673, 0.028875, 0.011203, 0.0087351, 0.058482, 0.19181, 0.055829, 0.0075024, 0.0067211, 0.068756, 0.056658, 2.3405, 119.43, 0.031218, 0.5763, 0, 9.8244, 0.16826, 0.036956, 0.071966, 0.012823, 0.45067, 0.031796, 0.034881, 0.52639, 0.074203, 0.011987, 0.29131, 0.034119, 0.0088116, 'JPY');
INSERT INTO public.ecb_exchange_rate (id, created_by, created_date, last_modified_by, last_modified_date, aud, bgn, brl, cad, chf, cny, czk, dkk, eur, gbp, hkd, hrk, huf, idr, ils, inr, jpy, krw, mxn, myr, nok, nzd, php, pln, ron, rub, sek, sgd, thb, try, usd, base) VALUES (11898321, 'system', '2017-11-15 22:55:50.145000', 'system', '2017-11-15 22:55:50.145000', 0.001173, 0.0014935, 0.0029391, 0.0011404, 0.00088912, 0.0059527, 0.019523, 0.0056826, 0.00076365, 0.00068412, 0.0069985, 0.0057671, 0.23824, 12.157, 0.0031775, 0.05866, 0.10179, 0, 0.017126, 0.0037617, 0.0073252, 0.0013052, 0.045872, 0.0032364, 0.0035504, 0.05358, 0.0075529, 0.0012202, 0.029652, 0.0034729, 0.00089691, 'KRW');
INSERT INTO public.ecb_exchange_rate (id, created_by, created_date, last_modified_by, last_modified_date, aud, bgn, brl, cad, chf, cny, czk, dkk, eur, gbp, hkd, hrk, huf, idr, ils, inr, jpy, krw, mxn, myr, nok, nzd, php, pln, ron, rub, sek, sgd, thb, try, usd, base) VALUES (11898322, 'system', '2017-11-15 22:56:09.165000', 'system', '2017-11-15 22:56:09.165000', 1.3079, 1.6652, 3.277, 1.2714, 0.99132, 6.6369, 21.768, 6.3358, 0.85143, 0.76275, 7.8029, 6.43, 265.62, 13554, 3.5428, 65.402, 113.49, 1114.9, 19.095, 4.194, 8.1671, 1.4553, 51.145, 3.6084, 3.9585, 59.739, 8.421, 1.3604, 33.06, 3.872, 0, 'USD');
INSERT INTO public.ecb_exchange_rate (id, created_by, created_date, last_modified_by, last_modified_date, aud, bgn, brl, cad, chf, cny, czk, dkk, eur, gbp, hkd, hrk, huf, idr, ils, inr, jpy, krw, mxn, myr, nok, nzd, php, pln, ron, rub, sek, sgd, thb, try, usd, base) VALUES (11898323, 'system', '2017-11-15 22:56:09.443000', 'system', '2017-11-15 22:56:09.443000', 1.5361, 1.9558, 3.8488, 1.4933, 1.1643, 7.795, 25.566, 7.4414, 0, 0.89585, 9.1645, 7.552, 311.97, 15919, 4.161, 76.815, 133.29, 1309.5, 22.427, 4.9259, 9.5923, 1.7092, 60.07, 4.2381, 4.6493, 70.163, 9.8905, 1.5978, 38.829, 4.5477, 1.1745, 'EUR');
INSERT INTO public.ecb_exchange_rate (id, created_by, created_date, last_modified_by, last_modified_date, aud, bgn, brl, cad, chf, cny, czk, dkk, eur, gbp, hkd, hrk, huf, idr, ils, inr, jpy, krw, mxn, myr, nok, nzd, php, pln, ron, rub, sek, sgd, thb, try, usd, base) VALUES (11898324, 'system', '2017-11-15 22:56:09.837000', 'system', '2017-11-15 22:56:09.837000', 0.19706, 0.2509, 0.49375, 0.19157, 0.14936, 0, 3.2798, 0.95464, 0.12829, 0.11493, 1.1757, 0.96883, 40.022, 2042.2, 0.5338, 9.8544, 17.099, 167.99, 2.8771, 0.63193, 1.2306, 0.21927, 7.7062, 0.54369, 0.59645, 9.001, 1.2688, 0.20498, 4.9813, 0.58341, 0.15067, 'CNY');
INSERT INTO public.ecb_exchange_rate (id, created_by, created_date, last_modified_by, last_modified_date, aud, bgn, brl, cad, chf, cny, czk, dkk, eur, gbp, hkd, hrk, huf, idr, ils, inr, jpy, krw, mxn, myr, nok, nzd, php, pln, ron, rub, sek, sgd, thb, try, usd, base) VALUES (11898325, 'system', '2017-11-15 22:56:10.145000', 'system', '2017-11-15 22:56:10.145000', 0.011524, 0.014673, 0.028875, 0.011203, 0.0087351, 0.058482, 0.19181, 0.055829, 0.0075024, 0.0067211, 0.068756, 0.056658, 2.3405, 119.43, 0.031218, 0.5763, 0, 9.8244, 0.16826, 0.036956, 0.071966, 0.012823, 0.45067, 0.031796, 0.034881, 0.52639, 0.074203, 0.011987, 0.29131, 0.034119, 0.0088116, 'JPY');
INSERT INTO public.ecb_exchange_rate (id, created_by, created_date, last_modified_by, last_modified_date, aud, bgn, brl, cad, chf, cny, czk, dkk, eur, gbp, hkd, hrk, huf, idr, ils, inr, jpy, krw, mxn, myr, nok, nzd, php, pln, ron, rub, sek, sgd, thb, try, usd, base) VALUES (11898326, 'system', '2017-11-15 22:56:10.444000', 'system', '2017-11-15 22:56:10.444000', 0.001173, 0.0014935, 0.0029391, 0.0011404, 0.00088912, 0.0059527, 0.019523, 0.0056826, 0.00076365, 0.00068412, 0.0069985, 0.0057671, 0.23824, 12.157, 0.0031775, 0.05866, 0.10179, 0, 0.017126, 0.0037617, 0.0073252, 0.0013052, 0.045872, 0.0032364, 0.0035504, 0.05358, 0.0075529, 0.0012202, 0.029652, 0.0034729, 0.00089691, 'KRW');
INSERT INTO public.ecb_exchange_rate (id, created_by, created_date, last_modified_by, last_modified_date, aud, bgn, brl, cad, chf, cny, czk, dkk, eur, gbp, hkd, hrk, huf, idr, ils, inr, jpy, krw, mxn, myr, nok, nzd, php, pln, ron, rub, sek, sgd, thb, try, usd, base) VALUES (11898327, 'system', '2017-11-15 22:56:25.197000', 'system', '2017-11-15 22:56:25.197000', 1.3079, 1.6652, 3.277, 1.2714, 0.99132, 6.6369, 21.768, 6.3358, 0.85143, 0.76275, 7.8029, 6.43, 265.62, 13554, 3.5428, 65.402, 113.49, 1114.9, 19.095, 4.194, 8.1671, 1.4553, 51.145, 3.6084, 3.9585, 59.739, 8.421, 1.3604, 33.06, 3.872, 0, 'USD');
INSERT INTO public.ecb_exchange_rate (id, created_by, created_date, last_modified_by, last_modified_date, aud, bgn, brl, cad, chf, cny, czk, dkk, eur, gbp, hkd, hrk, huf, idr, ils, inr, jpy, krw, mxn, myr, nok, nzd, php, pln, ron, rub, sek, sgd, thb, try, usd, base) VALUES (11898328, 'system', '2017-11-15 22:56:25.504000', 'system', '2017-11-15 22:56:25.504000', 1.5361, 1.9558, 3.8488, 1.4933, 1.1643, 7.795, 25.566, 7.4414, 0, 0.89585, 9.1645, 7.552, 311.97, 15919, 4.161, 76.815, 133.29, 1309.5, 22.427, 4.9259, 9.5923, 1.7092, 60.07, 4.2381, 4.6493, 70.163, 9.8905, 1.5978, 38.829, 4.5477, 1.1745, 'EUR');
INSERT INTO public.ecb_exchange_rate (id, created_by, created_date, last_modified_by, last_modified_date, aud, bgn, brl, cad, chf, cny, czk, dkk, eur, gbp, hkd, hrk, huf, idr, ils, inr, jpy, krw, mxn, myr, nok, nzd, php, pln, ron, rub, sek, sgd, thb, try, usd, base) VALUES (11898329, 'system', '2017-11-15 22:56:25.811000', 'system', '2017-11-15 22:56:25.811000', 0.19706, 0.2509, 0.49375, 0.19157, 0.14936, 0, 3.2798, 0.95464, 0.12829, 0.11493, 1.1757, 0.96883, 40.022, 2042.2, 0.5338, 9.8544, 17.099, 167.99, 2.8771, 0.63193, 1.2306, 0.21927, 7.7062, 0.54369, 0.59645, 9.001, 1.2688, 0.20498, 4.9813, 0.58341, 0.15067, 'CNY');
INSERT INTO public.ecb_exchange_rate (id, created_by, created_date, last_modified_by, last_modified_date, aud, bgn, brl, cad, chf, cny, czk, dkk, eur, gbp, hkd, hrk, huf, idr, ils, inr, jpy, krw, mxn, myr, nok, nzd, php, pln, ron, rub, sek, sgd, thb, try, usd, base) VALUES (11898330, 'system', '2017-11-15 22:56:26.095000', 'system', '2017-11-15 22:56:26.095000', 0.011524, 0.014673, 0.028875, 0.011203, 0.0087351, 0.058482, 0.19181, 0.055829, 0.0075024, 0.0067211, 0.068756, 0.056658, 2.3405, 119.43, 0.031218, 0.5763, 0, 9.8244, 0.16826, 0.036956, 0.071966, 0.012823, 0.45067, 0.031796, 0.034881, 0.52639, 0.074203, 0.011987, 0.29131, 0.034119, 0.0088116, 'JPY');
INSERT INTO public.ecb_exchange_rate (id, created_by, created_date, last_modified_by, last_modified_date, aud, bgn, brl, cad, chf, cny, czk, dkk, eur, gbp, hkd, hrk, huf, idr, ils, inr, jpy, krw, mxn, myr, nok, nzd, php, pln, ron, rub, sek, sgd, thb, try, usd, base) VALUES (11898331, 'system', '2017-11-15 22:56:26.383000', 'system', '2017-11-15 22:56:26.383000', 0.001173, 0.0014935, 0.0029391, 0.0011404, 0.00088912, 0.0059527, 0.019523, 0.0056826, 0.00076365, 0.00068412, 0.0069985, 0.0057671, 0.23824, 12.157, 0.0031775, 0.05866, 0.10179, 0, 0.017126, 0.0037617, 0.0073252, 0.0013052, 0.045872, 0.0032364, 0.0035504, 0.05358, 0.0075529, 0.0012202, 0.029652, 0.0034729, 0.00089691, 'KRW');
INSERT INTO public.ecb_exchange_rate (id, created_by, created_date, last_modified_by, last_modified_date, aud, bgn, brl, cad, chf, cny, czk, dkk, eur, gbp, hkd, hrk, huf, idr, ils, inr, jpy, krw, mxn, myr, nok, nzd, php, pln, ron, rub, sek, sgd, thb, try, usd, base) VALUES (12034052, 'system', '2017-11-17 00:05:01.788000', 'system', '2017-11-17 00:05:01.788000', 1.316, 1.6519, 3.2508, 1.2756, 0.98606, 6.622, 21.68, 6.286, 0.84459, 0.75938, 7.807, 6.3812, 263.61, 13535, 3.5344, 65.215, 112.71, 1103.2, 19.163, 4.1701, 8.2356, 1.4481, 50.825, 3.5872, 3.9148, 60.183, 8.423, 1.3558, 33.02, 3.8834, 0, 'USD');
INSERT INTO public.ecb_exchange_rate (id, created_by, created_date, last_modified_by, last_modified_date, aud, bgn, brl, cad, chf, cny, czk, dkk, eur, gbp, hkd, hrk, huf, idr, ils, inr, jpy, krw, mxn, myr, nok, nzd, php, pln, ron, rub, sek, sgd, thb, try, usd, base) VALUES (12034053, 'system', '2017-11-17 00:05:02.139000', 'system', '2017-11-17 00:05:02.139000', 1.5582, 1.9558, 3.849, 1.5103, 1.1675, 7.8404, 25.669, 7.4426, 0, 0.8991, 9.2435, 7.5553, 312.11, 16025, 4.1847, 77.215, 133.45, 1306.2, 22.689, 4.9374, 9.751, 1.7145, 60.177, 4.2473, 4.6351, 71.257, 9.9728, 1.6053, 39.096, 4.5979, 1.184, 'EUR');
INSERT INTO public.ecb_exchange_rate (id, created_by, created_date, last_modified_by, last_modified_date, aud, bgn, brl, cad, chf, cny, czk, dkk, eur, gbp, hkd, hrk, huf, idr, ils, inr, jpy, krw, mxn, myr, nok, nzd, php, pln, ron, rub, sek, sgd, thb, try, usd, base) VALUES (12034054, 'system', '2017-11-17 00:05:02.455000', 'system', '2017-11-17 00:05:02.455000', 0.19874, 0.24945, 0.49092, 0.19263, 0.14891, 0, 3.2739, 0.94926, 0.12754, 0.11468, 1.179, 0.96364, 39.808, 2043.9, 0.53374, 9.8483, 17.021, 166.6, 2.8939, 0.62974, 1.2437, 0.21868, 7.6752, 0.54172, 0.59118, 9.0884, 1.272, 0.20475, 4.9865, 0.58644, 0.15101, 'CNY');
INSERT INTO public.ecb_exchange_rate (id, created_by, created_date, last_modified_by, last_modified_date, aud, bgn, brl, cad, chf, cny, czk, dkk, eur, gbp, hkd, hrk, huf, idr, ils, inr, jpy, krw, mxn, myr, nok, nzd, php, pln, ron, rub, sek, sgd, thb, try, usd, base) VALUES (12034055, 'system', '2017-11-17 00:05:02.770000', 'system', '2017-11-17 00:05:02.770000', 0.011676, 0.014656, 0.028842, 0.011317, 0.0087486, 0.058752, 0.19235, 0.055771, 0.0074934, 0.0067374, 0.069266, 0.056615, 2.3388, 120.08, 0.031358, 0.57861, 0, 9.7879, 0.17002, 0.036998, 0.073069, 0.012848, 0.45093, 0.031827, 0.034733, 0.53396, 0.074731, 0.012029, 0.29296, 0.034454, 0.0088722, 'JPY');
INSERT INTO public.ecb_exchange_rate (id, created_by, created_date, last_modified_by, last_modified_date, aud, bgn, brl, cad, chf, cny, czk, dkk, eur, gbp, hkd, hrk, huf, idr, ils, inr, jpy, krw, mxn, myr, nok, nzd, php, pln, ron, rub, sek, sgd, thb, try, usd, base) VALUES (12034056, 'system', '2017-11-17 00:05:03.099000', 'system', '2017-11-17 00:05:03.099000', 0.0011929, 0.0014973, 0.0029467, 0.0011563, 0.00089381, 0.0060024, 0.019652, 0.0056979, 0.00076558, 0.00068833, 0.0070766, 0.0057842, 0.23895, 12.268, 0.0032037, 0.059114, 0.10217, 0, 0.01737, 0.00378, 0.0074652, 0.0013126, 0.04607, 0.0032516, 0.0035485, 0.054553, 0.007635, 0.001229, 0.029931, 0.0035201, 0.00090645, 'KRW');
INSERT INTO public.ecb_exchange_rate (id, created_by, created_date, last_modified_by, last_modified_date, aud, bgn, brl, cad, chf, cny, czk, dkk, eur, gbp, hkd, hrk, huf, idr, ils, inr, jpy, krw, mxn, myr, nok, nzd, php, pln, ron, rub, sek, sgd, thb, try, usd, base) VALUES (12034057, 'system', '2017-11-18 00:05:01.678000', 'system', '2017-11-18 00:05:01.678000', 1.3174, 1.6615, 3.2775, 1.2764, 0.99278, 6.632, 21.714, 6.3221, 0.84955, 0.75765, 7.8089, 6.4279, 265.5, 13524, 3.5208, 65.322, 113.09, 1097.3, 19.142, 4.1753, 8.2026, 1.4616, 50.791, 3.597, 3.941, 59.847, 8.3993, 1.3568, 32.96, 3.8625, 0, 'USD');
INSERT INTO public.ecb_exchange_rate (id, created_by, created_date, last_modified_by, last_modified_date, aud, bgn, brl, cad, chf, cny, czk, dkk, eur, gbp, hkd, hrk, huf, idr, ils, inr, jpy, krw, mxn, myr, nok, nzd, php, pln, ron, rub, sek, sgd, thb, try, usd, base) VALUES (12034058, 'system', '2017-11-18 00:05:01.972000', 'system', '2017-11-18 00:05:01.972000', 1.5507, 1.9558, 3.8579, 1.5025, 1.1686, 7.8065, 25.559, 7.4418, 0, 0.89183, 9.1919, 7.5663, 312.52, 15919, 4.1443, 76.891, 133.12, 1291.6, 22.532, 4.9148, 9.6553, 1.7204, 59.786, 4.234, 4.639, 70.446, 9.8868, 1.5971, 38.797, 4.5465, 1.1771, 'EUR');
INSERT INTO public.ecb_exchange_rate (id, created_by, created_date, last_modified_by, last_modified_date, aud, bgn, brl, cad, chf, cny, czk, dkk, eur, gbp, hkd, hrk, huf, idr, ils, inr, jpy, krw, mxn, myr, nok, nzd, php, pln, ron, rub, sek, sgd, thb, try, usd, base) VALUES (12034059, 'system', '2017-11-18 00:05:02.258000', 'system', '2017-11-18 00:05:02.258000', 0.19864, 0.25053, 0.49419, 0.19247, 0.1497, 0, 3.2741, 0.95328, 0.1281, 0.11424, 1.1775, 0.96923, 40.033, 2039.2, 0.53088, 9.8496, 17.052, 165.45, 2.8863, 0.62958, 1.2368, 0.22038, 7.6585, 0.54237, 0.59425, 9.024, 1.2665, 0.20459, 4.9698, 0.5824, 0.15078, 'CNY');
INSERT INTO public.ecb_exchange_rate (id, created_by, created_date, last_modified_by, last_modified_date, aud, bgn, brl, cad, chf, cny, czk, dkk, eur, gbp, hkd, hrk, huf, idr, ils, inr, jpy, krw, mxn, myr, nok, nzd, php, pln, ron, rub, sek, sgd, thb, try, usd, base) VALUES (12034060, 'system', '2017-11-18 00:05:02.552000', 'system', '2017-11-18 00:05:02.552000', 0.011649, 0.014692, 0.028981, 0.011287, 0.0087785, 0.058643, 0.192, 0.055903, 0.007512, 0.0066994, 0.06905, 0.056838, 2.3477, 119.58, 0.031132, 0.57761, 0, 9.7025, 0.16926, 0.03692, 0.072531, 0.012924, 0.44911, 0.031806, 0.034848, 0.52919, 0.07427, 0.011997, 0.29144, 0.034153, 0.0088424, 'JPY');
INSERT INTO public.ecb_exchange_rate (id, created_by, created_date, last_modified_by, last_modified_date, aud, bgn, brl, cad, chf, cny, czk, dkk, eur, gbp, hkd, hrk, huf, idr, ils, inr, jpy, krw, mxn, myr, nok, nzd, php, pln, ron, rub, sek, sgd, thb, try, usd, base) VALUES (12034061, 'system', '2017-11-18 00:05:02.839000', 'system', '2017-11-18 00:05:02.839000', 0.0012006, 0.0015142, 0.0029869, 0.0011633, 0.00090477, 0.0060441, 0.019789, 0.0057617, 0.00077423, 0.00069048, 0.0071167, 0.0058581, 0.24196, 12.325, 0.0032087, 0.059532, 0.10307, 0, 0.017445, 0.0038052, 0.0074755, 0.001332, 0.046288, 0.0032781, 0.0035917, 0.054542, 0.0076547, 0.0012365, 0.030038, 0.0035201, 0.00091135, 'KRW');
INSERT INTO public.ecb_exchange_rate (id, created_by, created_date, last_modified_by, last_modified_date, aud, bgn, brl, cad, chf, cny, czk, dkk, eur, gbp, hkd, hrk, huf, idr, ils, inr, jpy, krw, mxn, myr, nok, nzd, php, pln, ron, rub, sek, sgd, thb, try, usd, base) VALUES (12034062, 'system', '2017-11-19 00:05:13.952000', 'system', '2017-11-19 00:05:13.952000', 1.3253, 1.6582, 3.2775, 1.2762, 0.99161, 6.6332, 21.694, 6.3086, 0.84782, 0.75782, 7.8121, 6.4148, 264.16, 13528, 3.5153, 65.012, 112.61, 1096.3, 19.042, 4.161, 8.2376, 1.4728, 50.828, 3.5898, 3.9398, 59.386, 8.4309, 1.3563, 32.83, 3.8869, 0, 'USD');
INSERT INTO public.ecb_exchange_rate (id, created_by, created_date, last_modified_by, last_modified_date, aud, bgn, brl, cad, chf, cny, czk, dkk, eur, gbp, hkd, hrk, huf, idr, ils, inr, jpy, krw, mxn, myr, nok, nzd, php, pln, ron, rub, sek, sgd, thb, try, usd, base) VALUES (12034063, 'system', '2017-11-19 00:05:14.277000', 'system', '2017-11-19 00:05:14.277000', 1.5632, 1.9558, 3.8658, 1.5053, 1.1696, 7.8239, 25.588, 7.441, 0, 0.89385, 9.2144, 7.5663, 311.58, 15956, 4.1463, 76.682, 132.82, 1293.1, 22.46, 4.9079, 9.7163, 1.7372, 59.952, 4.2342, 4.647, 70.046, 9.9443, 1.5998, 38.723, 4.5846, 1.1795, 'EUR');
INSERT INTO public.ecb_exchange_rate (id, created_by, created_date, last_modified_by, last_modified_date, aud, bgn, brl, cad, chf, cny, czk, dkk, eur, gbp, hkd, hrk, huf, idr, ils, inr, jpy, krw, mxn, myr, nok, nzd, php, pln, ron, rub, sek, sgd, thb, try, usd, base) VALUES (12034064, 'system', '2017-11-19 00:05:14.576000', 'system', '2017-11-19 00:05:14.576000', 0.1998, 0.24998, 0.4941, 0.1924, 0.14949, 0, 3.2705, 0.95106, 0.12781, 0.11425, 1.1777, 0.96708, 39.824, 2039.4, 0.52995, 9.801, 16.976, 165.28, 2.8707, 0.6273, 1.2419, 0.22204, 7.6627, 0.54119, 0.59395, 8.9528, 1.271, 0.20448, 4.9493, 0.58597, 0.15076, 'CNY');
INSERT INTO public.ecb_exchange_rate (id, created_by, created_date, last_modified_by, last_modified_date, aud, bgn, brl, cad, chf, cny, czk, dkk, eur, gbp, hkd, hrk, huf, idr, ils, inr, jpy, krw, mxn, myr, nok, nzd, php, pln, ron, rub, sek, sgd, thb, try, usd, base) VALUES (12034065, 'system', '2017-11-19 00:05:14.873000', 'system', '2017-11-19 00:05:14.873000', 0.011769, 0.014725, 0.029106, 0.011333, 0.0088059, 0.058906, 0.19265, 0.056023, 0.007529, 0.0067298, 0.069375, 0.056967, 2.3459, 120.13, 0.031217, 0.57734, 0, 9.7357, 0.1691, 0.036952, 0.073154, 0.013079, 0.45138, 0.031879, 0.034987, 0.52738, 0.074871, 0.012045, 0.29154, 0.034517, 0.0088804, 'JPY');
INSERT INTO public.ecb_exchange_rate (id, created_by, created_date, last_modified_by, last_modified_date, aud, bgn, brl, cad, chf, cny, czk, dkk, eur, gbp, hkd, hrk, huf, idr, ils, inr, jpy, krw, mxn, myr, nok, nzd, php, pln, ron, rub, sek, sgd, thb, try, usd, base) VALUES (12034066, 'system', '2017-11-19 00:05:15.195000', 'system', '2017-11-19 00:05:15.195000', 0.0012089, 0.0015125, 0.0029896, 0.0011641, 0.00090449, 0.0060505, 0.019788, 0.0057544, 0.00077334, 0.00069125, 0.0071258, 0.0058513, 0.24096, 12.339, 0.0032065, 0.059301, 0.10271, 0, 0.017369, 0.0037955, 0.007514, 0.0013434, 0.046363, 0.0032745, 0.0035937, 0.054169, 0.0076903, 0.0012372, 0.029946, 0.0035454, 0.00091215, 'KRW');
INSERT INTO public.ecb_exchange_rate (id, created_by, created_date, last_modified_by, last_modified_date, aud, bgn, brl, cad, chf, cny, czk, dkk, eur, gbp, hkd, hrk, huf, idr, ils, inr, jpy, krw, mxn, myr, nok, nzd, php, pln, ron, rub, sek, sgd, thb, try, usd, base) VALUES (12034067, 'system', '2017-11-20 00:05:13.513000', 'system', '2017-11-20 00:05:13.513000', 1.3253, 1.6582, 3.2775, 1.2762, 0.99161, 6.6332, 21.694, 6.3086, 0.84782, 0.75782, 7.8121, 6.4148, 264.16, 13528, 3.5153, 65.012, 112.61, 1096.3, 19.042, 4.161, 8.2376, 1.4728, 50.828, 3.5898, 3.9398, 59.386, 8.4309, 1.3563, 32.83, 3.8869, 0, 'USD');
INSERT INTO public.ecb_exchange_rate (id, created_by, created_date, last_modified_by, last_modified_date, aud, bgn, brl, cad, chf, cny, czk, dkk, eur, gbp, hkd, hrk, huf, idr, ils, inr, jpy, krw, mxn, myr, nok, nzd, php, pln, ron, rub, sek, sgd, thb, try, usd, base) VALUES (12034068, 'system', '2017-11-20 00:05:13.858000', 'system', '2017-11-20 00:05:13.858000', 1.5632, 1.9558, 3.8658, 1.5053, 1.1696, 7.8239, 25.588, 7.441, 0, 0.89385, 9.2144, 7.5663, 311.58, 15956, 4.1463, 76.682, 132.82, 1293.1, 22.46, 4.9079, 9.7163, 1.7372, 59.952, 4.2342, 4.647, 70.046, 9.9443, 1.5998, 38.723, 4.5846, 1.1795, 'EUR');
INSERT INTO public.ecb_exchange_rate (id, created_by, created_date, last_modified_by, last_modified_date, aud, bgn, brl, cad, chf, cny, czk, dkk, eur, gbp, hkd, hrk, huf, idr, ils, inr, jpy, krw, mxn, myr, nok, nzd, php, pln, ron, rub, sek, sgd, thb, try, usd, base) VALUES (12034069, 'system', '2017-11-20 00:05:14.187000', 'system', '2017-11-20 00:05:14.187000', 0.1998, 0.24998, 0.4941, 0.1924, 0.14949, 0, 3.2705, 0.95106, 0.12781, 0.11425, 1.1777, 0.96708, 39.824, 2039.4, 0.52995, 9.801, 16.976, 165.28, 2.8707, 0.6273, 1.2419, 0.22204, 7.6627, 0.54119, 0.59395, 8.9528, 1.271, 0.20448, 4.9493, 0.58597, 0.15076, 'CNY');
INSERT INTO public.ecb_exchange_rate (id, created_by, created_date, last_modified_by, last_modified_date, aud, bgn, brl, cad, chf, cny, czk, dkk, eur, gbp, hkd, hrk, huf, idr, ils, inr, jpy, krw, mxn, myr, nok, nzd, php, pln, ron, rub, sek, sgd, thb, try, usd, base) VALUES (12034070, 'system', '2017-11-20 00:05:14.504000', 'system', '2017-11-20 00:05:14.504000', 0.011769, 0.014725, 0.029106, 0.011333, 0.0088059, 0.058906, 0.19265, 0.056023, 0.007529, 0.0067298, 0.069375, 0.056967, 2.3459, 120.13, 0.031217, 0.57734, 0, 9.7357, 0.1691, 0.036952, 0.073154, 0.013079, 0.45138, 0.031879, 0.034987, 0.52738, 0.074871, 0.012045, 0.29154, 0.034517, 0.0088804, 'JPY');
INSERT INTO public.ecb_exchange_rate (id, created_by, created_date, last_modified_by, last_modified_date, aud, bgn, brl, cad, chf, cny, czk, dkk, eur, gbp, hkd, hrk, huf, idr, ils, inr, jpy, krw, mxn, myr, nok, nzd, php, pln, ron, rub, sek, sgd, thb, try, usd, base) VALUES (12034071, 'system', '2017-11-20 00:05:14.809000', 'system', '2017-11-20 00:05:14.809000', 0.0012089, 0.0015125, 0.0029896, 0.0011641, 0.00090449, 0.0060505, 0.019788, 0.0057544, 0.00077334, 0.00069125, 0.0071258, 0.0058513, 0.24096, 12.339, 0.0032065, 0.059301, 0.10271, 0, 0.017369, 0.0037955, 0.007514, 0.0013434, 0.046363, 0.0032745, 0.0035937, 0.054169, 0.0076903, 0.0012372, 0.029946, 0.0035454, 0.00091215, 'KRW');
